y,x,high_y,low_y
0.4486825311178846,Female,0.547455351018259,0.35775751085096963
0.550640666542062,Male,0.6471827034771687,0.4559443330224949
